kod;nazwa;obszar;poziom;studia;a1;a2r;a2w;a3;a4p;a4m;a5;m1;anty;koszt;flaga;zagr;kier;klaster;duze_miasto;teren;przeciw;przedm;dosw
analityk_biznesowy;Analityk biznesowy;1;sredni;czesciowo;porzadek liczby uczenie;analiza system wyjasnianie;dokladnosc wyczuwanie slowo;dokladnosc ludzie struktura;rozwoj mistrzostwo stabilnosc;zmiennosc;komputer doksztalcanie nadgodziny;duza_organizacja zdalna;dokumentacja_nie efekt_szybki nuda_powtarzalnosc;niski;docelowy;umiarkowane;Ucz sie rozmowy z ludzmi, nie tylko dokumentowania;;0;0;;matematyka informatyka;
kierownik_zespolu;Kierownik zespolu;1;dlugi;czesciowo;prowadzenie planowanie rozmowa;prowadzenie_grupy organizowanie rozbrajanie;wyczuwanie przekonywanie opanowanie;inicjatywa konfrontacja ludzie;wplyw pieniadze rozwoj;mistrzostwo;ludzie_ciagle odpowiedzialnosc presja;duza_organizacja prowadzenie;unikanie_konfliktu waska_wiedza potrzeba_uznania;zerowy;docelowy;bardzo_niskie;;;0;0;;;prowadzenie praca_stala
konsultant;Konsultant biznesowy;1;dlugi;tak;liczby prowadzenie przekonywanie;analiza system wystapienia;uczenie_sie opanowanie slowo;tempo inicjatywa szerokosc;pieniadze rozwoj uznanie;czas_dla_siebie stabilnosc;studia wyjazdy nadgodziny presja wystapienia;przenika duzo_godzin wysoki_poziom_zycia;kontrola_efektu krytyka_osobista weekendy_nie;niski;docelowy;umiarkowane;;;1;0;;matematyka;konkursy projekty
product_manager;Product manager;1;sredni;czesciowo;prowadzenie liczby tech;analiza system przekonywanie;wyczuwanie tworzenie negocjowanie;inicjatywa szerokosc konfrontacja;wplyw rozwoj pieniadze;stabilnosc;komputer ludzie_ciagle presja;zdalna duza_organizacja;potrzeba_decydowania efekt_widoczny procedury_nie;niski;docelowy;niskie;;;1;0;;matematyka informatyka;projekty prowadzenie
project_manager;Project manager;1;sredni;czesciowo;planowanie prowadzenie porzadek;organizowanie wielozadaniowosc prowadzenie_grupy;rozbrajanie opanowanie system;struktura konfrontacja szerokosc;wplyw rozwoj pieniadze;czas_dla_siebie;komputer ludzie_ciagle nadgodziny presja;duza_organizacja przenika;efekt_widoczny unikanie_konfliktu potrzeba_decydowania;niski;docelowy;umiarkowane;Ucz sie dziedziny projektu, nie tylko administrowania tablica;;1;0;;;prowadzenie
brand_manager;Brand manager;2;dlugi;czesciowo;przekonywanie obraz prowadzenie;estetyka analiza system;przekonywanie tworzenie organizowanie;glebia struktura ludzie;wplyw uznanie mistrzostwo pieniadze;zmiennosc;komputer ludzie_ciagle presja;duza_organizacja duzo_godzin;efekt_szybki kontrola_efektu nietykalnosc_pracy;niski;docelowy;niskie;;;1;0;;polski artystyczne;
copywriter;Copywriter;2;szybki;nie;pisanie przekonywanie obraz;slowo przekonywanie tworzenie;analiza samodzielnosc estetyka;cisza samodzielnie glebia;wolnosc mistrzostwo rozwoj;stabilnosc relacje;komputer niepewny_dochod samotnosc wlasna_dzialalnosc;zdalna wlasne;nietykalnosc_pracy potrzeba_ludzi samodyscyplina_brak sprzedaz_nie;zerowy;docelowy;bardzo_wysokie;Celuj w copywriting sprzedazowy albo branzowy, nie w tresci masowe;marketing_tresc;0;0;;polski;projekty hobby
pr;Specjalista PR;2;sredni;czesciowo;pisanie przekonywanie prawo;slowo przekonywanie opanowanie;wyczuwanie rozbrajanie analiza;tempo konfrontacja ludzie;wplyw uznanie zmiennosc;stabilnosc;nieregularne presja ludzie_ciagle;przenika;unikanie_konfliktu wieczory_nie stala_pensja;niski;docelowy;niskie;;;1;0;;polski jezyki;projekty
seo;Specjalista SEO;2;szybki;nie;liczby tech porzadek;analiza system dokladnosc;wytrzymalosc problemy samodzielnosc;cisza dokladnosc samodzielnie;mistrzostwo rozwoj wolnosc;relacje;komputer doksztalcanie;zdalna;efekt_szybki kontrola_efektu potrzeba_ludzi;bardzo_niski;docelowy;wysokie;Ucz sie mechanizmow wyszukiwania, nie narzedzi;;0;0;;informatyka matematyka;
social_media;Social media manager;2;szybki;nie;obraz pisanie scena;tworzenie estetyka slowo;wielozadaniowosc uprzejmosc odpornosc;tempo bodzce elastycznosc;zmiennosc uznanie rozwoj;stabilnosc czas_dla_siebie;komputer nieregularne roszczeniowi;przenika zdalna;cudza_zlosc efekt_widoczny doksztalcanie_nie;zerowy;docelowy;umiarkowane;Buduj obecnosc niezalezna od jednej platformy;;0;0;;polski artystyczne;projekty hobby
spec_marketingu;Specjalista marketingu;2;szybki;nie;przekonywanie pisanie obraz;przekonywanie slowo tworzenie;analiza wielozadaniowosc estetyka;zmiennosc tempo inicjatywa;rozwoj zmiennosc uznanie;stabilnosc;komputer nadgodziny presja;zdalna szybkie_wejscie;efekt_widoczny mierzenie nietykalnosc_pracy;niski;docelowy;wysokie;Celuj w analityke albo strategie, nie w wykonawstwo;marketing_tresc;0;0;;polski informatyka;projekty hobby
account_manager;Account manager;3;sredni;nie;przekonywanie rozmowa planowanie;negocjowanie wyczuwanie uprzejmosc;organizowanie wielozadaniowosc rozbrajanie;ludzie elastycznosc tempo;relacje pieniadze stabilnosc;czas_dla_siebie;ludzie_ciagle roszczeniowi presja;zdalna duza_organizacja;cudza_zlosc unikanie_konfliktu;zerowy;docelowy;niskie;;;0;0;;;praca_doryw
agent_nieruchomosci;Agent nieruchomosci;3;szybki;nie;przekonywanie prawo przedsiebiorczosc;przekonywanie negocjowanie odpornosc;samodzielnosc wyczuwanie organizowanie;ryzyko inicjatywa elastycznosc;pieniadze wolnosc;stabilnosc czas_dla_siebie;weekendy nieregularne niepewny_dochod ludzie_ciagle;przenika wysoki_poziom_zycia;stala_pensja weekendy_nie odmowa_do_siebie;niski;docelowy;umiarkowane;;sprzedaz_terenowa;0;0;;;praca_doryw
business_dev;Business development manager;3;dlugi;czesciowo;przekonywanie prawo prowadzenie;negocjowanie przekonywanie analiza;system odpornosc wyczuwanie;ryzyko inicjatywa szerokosc;pieniadze wplyw rozwoj;stabilnosc;wyjazdy ludzie_ciagle presja;mobilnosc duzo_godzin;efekt_szybki odmowa_do_siebie;zerowy;docelowy;niskie;;;1;0;;jezyki;
doradca_bank;Doradca klienta w banku;3;szybki;czesciowo;pieniadze przekonywanie rozmowa;przekonywanie uprzejmosc rachunki;reguly wyczuwanie dokladnosc;ludzie struktura powtarzalnosc;stabilnosc pieniadze relacje;wolnosc mistrzostwo;ludzie_ciagle roszczeniowi weekendy komputer;osiadlosc granica_ostra;sprzedaz_nie nuda_powtarzalnosc cudza_zlosc;zerowy;trampolina;wysokie;Dobra pierwsza praca, zaplanuj wyjscie w ciagu kilku lat;;0;0;;matematyka;
handlowiec;Przedstawiciel handlowy;3;szybki;nie;przekonywanie prawo przedsiebiorczosc;przekonywanie negocjowanie odpornosc;wyczuwanie samodzielnosc uprzejmosc;inicjatywa ryzyko tempo;pieniadze wolnosc uznanie;stabilnosc;ludzie_ciagle wyjazdy niepewny_dochod presja;duzo_godzin wysoki_poziom_zycia mobilnosc;odmowa_do_siebie stala_pensja mierzenie samodyscyplina_brak;zerowy;docelowy;umiarkowane;Celuj w sprzedaz zlozona, nie w prosta;sprzedaz_terenowa;0;0;;;praca_doryw
analityk_finansowy;Analityk finansowy;4;sredni;tak;liczby pieniadze dociekanie;rachunki analiza system;dokladnosc slowo przekonywanie;glebia dokladnosc cisza;pieniadze mistrzostwo rozwoj;relacje;studia komputer nadgodziny doksztalcanie;zdalna duza_organizacja wysoki_poziom_zycia;potrzeba_stabilnosci potrzeba_ludzi mierzenie;niski;docelowy;umiarkowane;Ucz sie zakladan i ich obrony, nie samego liczenia;analiza_fin;1;0;;matematyka informatyka;konkursy
doradca_podatkowy;Doradca podatkowy;4;dlugi;tak;prawo pieniadze precyzja liczby;reguly analiza slowo;zapamietywanie dokladnosc przekonywanie;glebia dokladnosc konfrontacja;mistrzostwo pieniadze zasady stabilnosc;zmiennosc;studia egzaminy doksztalcanie odpowiedzialnosc komputer;dluga_inwestycja maly_zespol wlasne;procedury_nie doksztalcanie_nie potrzeba_pewnosci;sredni;docelowy;niskie;;;0;0;;matematyka polski;
glowny_ksiegowy;Glowny ksiegowy;4;dlugi;tak;pieniadze precyzja porzadek prowadzenie;reguly dokladnosc rachunki;system prowadzenie_grupy analiza;struktura dokladnosc konfrontacja;stabilnosc mistrzostwo pieniadze zasady;zmiennosc;studia egzaminy nadgodziny odpowiedzialnosc doksztalcanie;osiadlosc duza_organizacja przenika;unikanie_konfliktu potrzeba_stabilnosci;niski;docelowy;niskie;;ksiegowosc;0;0;;matematyka;praca_stala
kontroler_finansowy;Kontroler finansowy;4;dlugi;tak;liczby pieniadze porzadek;analiza system rachunki;przekonywanie dokladnosc wyjasnianie;struktura konfrontacja ludzie;stabilnosc pieniadze wplyw;uznanie;studia komputer nadgodziny presja;duza_organizacja osiadlosc;unikanie_konfliktu potrzeba_uznania;niski;docelowy;niskie;;analiza_fin;0;0;;matematyka;
ksiegowy;Ksiegowy;4;sredni;czesciowo;pieniadze liczby precyzja porzadek;rachunki dokladnosc reguly;analiza wytrzymalosc uczenie_sie;struktura dokladnosc cisza;stabilnosc mistrzostwo pieniadze;zmiennosc;komputer nadgodziny doksztalcanie powtarzalnosc;granica_ostra osiadlosc duza_organizacja;nuda_powtarzalnosc potrzeba_ludzi doksztalcanie_nie;niski;docelowy;umiarkowane;Celuj w pelne ksiegi i doradztwo, nie we wprowadzanie dokumentow;ksiegowosc;0;0;;matematyka;
spec_plac;Specjalista do spraw plac;4;sredni;nie;pieniadze precyzja porzadek;dokladnosc reguly rachunki;wytrzymalosc uprzejmosc analiza;struktura dokladnosc powtarzalnosc;stabilnosc mistrzostwo;zmiennosc wplyw;komputer powtarzalnosc nadgodziny;granica_ostra osiadlosc;nuda_powtarzalnosc mierzenie;niski;docelowy;umiarkowane;Specjalizuj sie w rozliczeniach cudzoziemcow, to obszar rosnacy;ksiegowosc;0;0;;matematyka;
obsluga_klienta;Specjalista obsługi klienta;5;szybki;nie;rozmowa uczenie porzadek;uprzejmosc wyjasnianie cierpliwosc;problemy dokladnosc uczenie_sie;ludzie powtarzalnosc struktura;stabilnosc relacje rozwoj;pieniadze mistrzostwo wplyw;ludzie_ciagle roszczeniowi komputer zmiany;szybkie_wejscie zdalna;cudza_zlosc mierzenie nuda_powtarzalnosc;zerowy;trampolina;bardzo_wysokie;Najlatwiejsze wejscie w bazie, ale zaplanuj wyjscie w 2-3 lata;admin_biuro;0;0;;jezyki;
office_manager;Office manager;5;dlugi;czesciowo;planowanie porzadek rozmowa;organizowanie wielozadaniowosc uprzejmosc;negocjowanie rozbrajanie samodzielnosc;elastycznosc ludzie bodzce;relacje stabilnosc zmiennosc;mistrzostwo uznanie;ludzie_ciagle nadgodziny;osiadlosc duza_organizacja;potrzeba_ciszy efekt_widoczny potrzeba_uznania;zerowy;docelowy;umiarkowane;;admin_biuro;0;0;;;praca_stala
rekruter;Rekruter;5;szybki;nie;rozmowa przekonywanie uczenie;wyczuwanie przekonywanie odpornosc;wielozadaniowosc slowo organizowanie;ludzie tempo inicjatywa;relacje pieniadze zmiennosc;mistrzostwo stabilnosc;ludzie_ciagle komputer presja;zdalna;odmowa_do_siebie mierzenie;zerowy;docelowy;umiarkowane;Ucz sie docierania do ludzi, nie przegladania zgloszen;;0;0;;;praca_doryw
spec_admin;Specjalista administracyjny;5;sredni;czesciowo;porzadek precyzja planowanie;organizowanie dokladnosc wielozadaniowosc;reguly uprzejmosc;struktura powtarzalnosc reagowanie;stabilnosc czas_dla_siebie relacje;wplyw pieniadze mistrzostwo;komputer powtarzalnosc;granica_ostra osiadlosc;potrzeba_uznania potrzeba_rozwoju nuda_powtarzalnosc;zerowy;trampolina;bardzo_wysokie;Zaplanuj wyjscie w strone kadr, zakupow albo analizy w ciagu 3 lat;;0;0;;;praca_doryw
spec_hr;Specjalista HR;5;sredni;czesciowo;rozmowa porzadek prowadzenie;wyczuwanie reguly rozbrajanie;dokladnosc organizowanie wyjasnianie;ludzie struktura konfrontacja;relacje stabilnosc wplyw;mistrzostwo uznanie;ludzie_ciagle komputer presja;osiadlosc duza_organizacja;unikanie_konfliktu;zerowy;docelowy;umiarkowane;Celuj w HR doradczy, nie administracyjny;;0;0;;;prowadzenie
urzednik;Urzednik;5;sredni;czesciowo;porzadek prawo precyzja;reguly dokladnosc uprzejmosc;wyjasnianie analiza cierpliwosc;struktura powtarzalnosc dokladnosc;stabilnosc czas_dla_siebie zasady sens;wolnosc pieniadze wplyw;komputer ludzie_ciagle roszczeniowi powtarzalnosc;granica_ostra osiadlosc stacjonarna;procedury_nie cudza_zlosc potrzeba_rozwoju;zerowy;docelowy;umiarkowane;;;0;0;;polski wos;
analityk_danych;Analityk danych;6;sredni;czesciowo;liczby tech dociekanie;analiza rachunki system;dokladnosc wytrzymalosc uczenie_sie;glebia cisza samodzielnie;rozwoj mistrzostwo pieniadze;relacje;studia komputer doksztalcanie;zdalna duza_organizacja;nuda_powtarzalnosc potrzeba_ludzi efekt_widoczny;niski;docelowy;umiarkowane;Buduj podstawy statystyczne, nie tylko znajomosc narzedzi;dane;0;0;;matematyka informatyka;projekty konkursy
analityk_rynku;Analityk rynku;6;sredni;tak;dociekanie liczby rozmowa;analiza wyczuwanie rachunki;slowo dokladnosc wystapienia;dokladnosc ludzie glebia;rozwoj mistrzostwo uznanie;wplyw;studia komputer wystapienia presja;zdalna duza_organizacja;kontrola_efektu mierzenie;niski;docelowy;umiarkowane;Lacz badania deklaracji z analiza zachowan rzeczywistych;;1;0;;matematyka polski wos;
data_scientist;Data scientist;6;dlugi;tak;liczby tech dociekanie;analiza rachunki system;uczenie_sie dokladnosc wytrzymalosc;glebia cisza samodzielnie;rozwoj mistrzostwo pieniadze;relacje efekt_widoczny;studia komputer doksztalcanie;dluga_inwestycja zdalna;efekt_szybki potrzeba_ludzi;niski;docelowy;niskie;Ucz sie podstaw matematycznych, narzedzia zmieniaja sie co dwa lata;dane;0;0;;matematyka fizyka informatyka;konkursy projekty
spec_bi;Specjalista BI;6;sredni;czesciowo;liczby tech obraz porzadek;system estetyka dokladnosc;estetyka wyjasnianie problemy;struktura dokladnosc samodzielnie;mistrzostwo stabilnosc pieniadze;uznanie;komputer doksztalcanie;zdalna duza_organizacja;potrzeba_uznania nuda_powtarzalnosc;niski;docelowy;niskie;Modelowanie danych jest wazniejsze od narzedzia;;0;0;;matematyka informatyka;
kurator_sadowy;Kurator sadowy;7;sredni;tak;prawo opieka rozmowa wspolnota;wyczuwanie reguly rozbrajanie;samodzielnosc opanowanie dokladnosc;samodzielnie konfrontacja ludzie;sens zasady stabilnosc;pieniadze czas_dla_siebie;studia ludzie_ciagle agresja nieregularne odpowiedzialnosc;przenika mobilnosc;zabieranie_do_domu unikanie_konfliktu efekt_widoczny;niski;docelowy;bardzo_niskie;;;0;0;;polski wos;wolontariat
notariusz;Notariusz;7;bardzo_dlugi;tak;prawo pieniadze precyzja;dokladnosc uprzejmosc rachunki;zapamietywanie wyjasnianie analiza;struktura dokladnosc powtarzalnosc;stabilnosc pieniadze zasady;zmiennosc wplyw;dlugie_studia egzaminy odpowiedzialnosc ludzie_ciagle;osiadlosc granica_ostra wlasne;nuda_powtarzalnosc potrzeba_zmiennosci;sredni;docelowy;niskie;;prawo_urzad;0;0;;polski;
prawnik_wewnetrzny;Prawnik wewnetrzny;7;bardzo_dlugi;tak;prawo porzadek pisanie;reguly analiza slowo;dokladnosc negocjowanie wyjasnianie;struktura glebia ludzie;stabilnosc pieniadze zasady;wolnosc;dlugie_studia egzaminy komputer odpowiedzialnosc;duza_organizacja granica_ostra;unikanie_konfliktu potrzeba_zmiennosci;sredni;docelowy;umiarkowane;;prawnicy;1;0;;polski wos;
radca_prawny;Radca prawny;7;bardzo_dlugi;tak;prawo pisanie dociekanie;reguly analiza slowo;zapamietywanie dokladnosc przekonywanie;glebia dokladnosc konfrontacja;mistrzostwo pieniadze zasady uznanie;czas_dla_siebie;dlugie_studia egzaminy doksztalcanie odpowiedzialnosc nadgodziny presja;dluga_inwestycja duzo_godzin wlasne;unikanie_konfliktu doksztalcanie_nie potrzeba_pewnosci;sredni;docelowy;umiarkowane;Ucz sie waskiej specjalizacji, generalisci sa najbardziej zagrozeni;prawnicy;1;0;;polski historia wos;
spec_zgodnosci;Specjalista do spraw zgodnosci;7;sredni;tak;prawo porzadek precyzja;reguly dokladnosc analiza;wyjasnianie system slowo;struktura dokladnosc konfrontacja;stabilnosc zasady pieniadze;uznanie zmiennosc;studia komputer doksztalcanie odpowiedzialnosc;duza_organizacja granica_ostra;unikanie_konfliktu potrzeba_uznania;niski;docelowy;niskie;;prawo_urzad;0;0;;polski wos;
funkcjonariusz_sw;Funkcjonariusz Sluzby Wieziennej;8;sredni;nie;prawo wspolnota rozmowa;opanowanie rozbrajanie reguly;wyczuwanie odpornosc wytrzymalosc;struktura konfrontacja bezpieczenstwo;stabilnosc zasady;uznanie wolnosc;zmiany noce weekendy agresja odpowiedzialnosc;granica_ostra stacjonarna;cudza_zlosc zabieranie_do_domu;zerowy;docelowy;bardzo_niskie;;;0;0;;wf wos;
policjant;Policjant;8;sredni;nie;prawo ruch wspolnota;opanowanie wytrzymalosc rozbrajanie;reguly samodzielnosc odpornosc;zespol konfrontacja bodzce;stabilnosc sens wspolnota;czas_dla_siebie wolnosc;zmiany noce weekendy agresja fizyczna odpowiedzialnosc;przenika stacjonarna;unikanie_konfliktu cudza_zlosc noce_nie;zerowy;docelowy;bardzo_niskie;;mundurowe;0;0;kregoslup;wf wos;wolontariat
ratownik_gorski;Ratownik górski lub wodny;8;sredni;nie;ruch przyroda wspolnota;wytrzymalosc opanowanie sprzet;samodzielnosc zespol problemy;zespol bodzce ryzyko;sens wspolnota zmiennosc;stabilnosc pieniadze;zmiany weekendy fizyczna kazda_pogoda krew umieranie;mobilnosc przenika;umieranie fizycznosc stala_pensja;niski;docelowy;niskie;;ratownictwo_teren;0;0;kregoslup;wf;hobby wolontariat
spec_bhp;Specjalista BHP;8;sredni;czesciowo;prawo precyzja porzadek;reguly dokladnosc wyjasnianie;analiza wystapienia system;struktura konfrontacja dokladnosc;stabilnosc zasady sens;uznanie pieniadze;studia odpowiedzialnosc komputer;osiadlosc granica_ostra;unikanie_konfliktu potrzeba_uznania;niski;docelowy;niskie;;;0;0;;wos;
strazak;Strazak;8;sredni;nie;ruch wspolnota naprawianie;opanowanie wytrzymalosc sprzet;zespol samodzielnosc problemy;zespol bodzce efekt_widoczny;sens wspolnota stabilnosc;czas_dla_siebie;zmiany noce weekendy fizyczna krew umieranie odpowiedzialnosc;przenika stacjonarna;umieranie noce_nie fizycznosc;zerowy;docelowy;bardzo_niskie;;ratownictwo_teren;0;0;kregoslup wysokosc;wf;wolontariat
zolnierz;Zolnierz zawodowy;8;sredni;nie;ruch wspolnota prawo;wytrzymalosc opanowanie reguly;zespol samodzielnosc odpornosc;zespol struktura bezpieczenstwo;stabilnosc wspolnota zasady;wolnosc czas_dla_siebie;zmiany wyjazdy przeprowadzka fizyczna odpowiedzialnosc;mobilnosc przenika;procedury_nie potrzeba_decydowania;zerowy;docelowy;bardzo_niskie;;mundurowe;0;0;kregoslup;wf;
administrator;Administrator systemów;9;sredni;nie;tech naprawianie porzadek;system problemy sprzet;dokladnosc samodzielnosc opanowanie;struktura samodzielnie cisza;stabilnosc mistrzostwo pieniadze;uznanie;komputer dyzury doksztalcanie odpowiedzialnosc;zdalna duza_organizacja;potrzeba_uznania noce_nie;niski;docelowy;umiarkowane;;infra_it;0;0;;informatyka;projekty hobby
cyberbezpieczenstwo;Specjalista cyberbezpieczenstwa;9;dlugi;czesciowo;tech dociekanie prawo;problemy system analiza;dokladnosc uczenie_sie reguly;glebia cisza dokladnosc;pieniadze mistrzostwo rozwoj;czas_dla_siebie;komputer dyzury doksztalcanie odpowiedzialnosc presja;zdalna duza_organizacja;doksztalcanie_nie potrzeba_pewnosci;niski;docelowy;bardzo_niskie;;;0;0;;informatyka matematyka;konkursy projekty
devops;DevOps;9;dlugi;nie;tech porzadek naprawianie;system problemy uczenie_sie;dokladnosc samodzielnosc opanowanie;glebia samodzielnie struktura;pieniadze mistrzostwo rozwoj;czas_dla_siebie;komputer dyzury doksztalcanie odpowiedzialnosc;zdalna;potrzeba_ludzi noce_nie waska_wiedza;niski;docelowy;niskie;;infra_it;0;0;;informatyka matematyka;projekty
inzynier_danych;Inzynier danych;9;dlugi;czesciowo;tech liczby porzadek;system analiza problemy;dokladnosc uczenie_sie wytrzymalosc;glebia struktura cisza;pieniadze mistrzostwo rozwoj;relacje uznanie;komputer doksztalcanie;zdalna duza_organizacja;potrzeba_ludzi efekt_widoczny;niski;docelowy;niskie;;;0;0;;informatyka matematyka;projekty
programista;Programista;9;sredni;nie;tech liczby dociekanie;problemy uczenie_sie system;dokladnosc samodzielnosc analiza;glebia cisza samodzielnie;pieniadze rozwoj mistrzostwo;relacje;komputer doksztalcanie samotnosc;zdalna szybkie_wejscie;potrzeba_ruchu efekt_widoczny potrzeba_ludzi doksztalcanie_nie;niski;docelowy;umiarkowane;Ucz sie projektowania systemow, nie tylko pisania kodu;;0;0;;matematyka informatyka;projekty konkursy hobby
spec_wdrozen;Specjalista wdrozen;9;sredni;nie;tech uczenie rozmowa;wyjasnianie problemy organizowanie;cierpliwosc wielozadaniowosc uczenie_sie;ludzie elastycznosc tempo;rozwoj relacje pieniadze;cisza;komputer wyjazdy ludzie_ciagle presja;mobilnosc zdalna;potrzeba_ciszy cudza_zlosc;niski;docelowy;niskie;;;0;0;;informatyka;
tester;Tester oprogramowania;9;szybki;nie;precyzja tech porzadek;dokladnosc analiza reguly;wytrzymalosc problemy uczenie_sie;struktura dokladnosc cisza;stabilnosc rozwoj;mistrzostwo wplyw;komputer doksztalcanie powtarzalnosc;zdalna szybkie_wejscie;nuda_powtarzalnosc potrzeba_tworzenia;niski;trampolina;wysokie;Przejdz do automatyzacji, testowanie reczne sie kurczy;;0;0;;informatyka;projekty
wsparcie_tech;Specjalista wsparcia technicznego;9;szybki;nie;tech uczenie naprawianie;wyjasnianie uprzejmosc problemy;cierpliwosc uczenie_sie dokladnosc;ludzie powtarzalnosc struktura;stabilnosc rozwoj relacje;pieniadze mistrzostwo;komputer ludzie_ciagle roszczeniowi zmiany;szybkie_wejscie zdalna;cudza_zlosc nuda_powtarzalnosc mierzenie;zerowy;trampolina;wysokie;Dobre wejscie do IT, zaplanuj przejscie dalej;;0;0;;informatyka jezyki;
automatyk;Automatyk;10;sredni;tak;tech naprawianie precyzja;problemy sprzet system;opanowanie uczenie_sie samodzielnosc;samodzielnie tempo efekt_widoczny;pieniadze mistrzostwo rozwoj;czas_dla_siebie;studia wyjazdy halas odpowiedzialnosc presja;mobilnosc duzo_godzin;potrzeba_pewnosci doksztalcanie_nie;niski;docelowy;bardzo_niskie;;;0;0;;matematyka fizyka informatyka;hobby projekty
inzynier_jakosci;Inzynier jakosci;10;sredni;tak;precyzja tech naprawianie;dokladnosc sprzet przestrzenna;analiza reguly konfrontacja;dokladnosc konfrontacja struktura;zasady stabilnosc mistrzostwo;zmiennosc uznanie;studia halas wyjazdy odpowiedzialnosc;osiadlosc duza_organizacja;unikanie_konfliktu nuda_powtarzalnosc dokumentacja_nie;niski;docelowy;niskie;;;0;0;;matematyka fizyka;
inzynier_mechanik;Inzynier mechanik;10;sredni;tak;naprawianie rece tech precyzja;problemy przestrzenna system;dokladnosc organizowanie uczenie_sie;struktura dokladnosc glebia;mistrzostwo stabilnosc pieniadze;zmiennosc;studia komputer odpowiedzialnosc halas;osiadlosc duza_organizacja;efekt_szybki procedury_nie brud_nie;niski;docelowy;niskie;Ucz sie takze automatyki, sama mechanika to weziesze pole;;0;0;;matematyka fizyka;hobby projekty
kierownik_ruchu;Kierownik utrzymania ruchu;10;bardzo_dlugi;tak;naprawianie prowadzenie planowanie;problemy prowadzenie_grupy opanowanie;organizowanie system samodzielnosc;inicjatywa konfrontacja elastycznosc;wplyw pieniadze stabilnosc;czas_dla_siebie;studia dyzury noce halas odpowiedzialnosc presja;przenika duza_organizacja;noce_nie unikanie_konfliktu potrzeba_stabilnosci;niski;docelowy;bardzo_niskie;;;0;0;;matematyka fizyka;praca_stala
operator_cnc;Operator maszyn CNC;10;szybki;nie;rece precyzja naprawianie;manualne dokladnosc sprzet;wytrzymalosc przestrzenna wytrwalosc;struktura dokladnosc powtarzalnosc;stabilnosc mistrzostwo pieniadze;zmiennosc wolnosc;zmiany noce fizyczna stanie halas brud;szybkie_wejscie osiadlosc;nuda_powtarzalnosc noce_nie stanie_nie;bardzo_niski;trampolina;umiarkowane;Zaplanuj przejscie na ustawiacza w ciagu 2-3 lat;;0;0;kregoslup sluch;matematyka zawodowe;
technolog_produkcji;Technolog produkcji;10;sredni;tak;precyzja planowanie tech;system organizowanie analiza;dokladnosc wyjasnianie przekonywanie;struktura ludzie dokladnosc;mistrzostwo stabilnosc;zmiennosc;studia halas komputer;osiadlosc duza_organizacja;efekt_szybki unikanie_konfliktu;niski;docelowy;niskie;;;0;0;;matematyka fizyka;
diagnosta_lab;Diagnosta laboratoryjny;11;dlugi;tak;zdrowie precyzja dociekanie;dokladnosc analiza reguly;zapamietywanie opanowanie sprzet;dokladnosc cisza samodzielnie;sens stabilnosc mistrzostwo;relacje;studia dyzury noce chemikalia odpowiedzialnosc;osiadlosc granica_ostra;potrzeba_ludzi noce_nie;niski;docelowy;niskie;;;0;0;;biologia chemia;
pracownik_naukowy;Pracownik naukowy;11;bardzo_dlugi;tak;dociekanie liczby precyzja;system analiza cierpliwosc;slowo dokladnosc samodzielnosc;glebia cisza samodzielnie;rozwoj mistrzostwo wolnosc zasady;pieniadze stabilnosc;dlugie_studia doksztalcanie niepewny_dochod wyjazdy komputer;dluga_inwestycja przenika;potrzeba_stabilnosci odmowa_do_siebie efekt_widoczny;niski;docelowy;umiarkowane;Rozwaz R&D w przemysle, te same studia, dwukrotnie wyzsze zarobki;;1;0;;matematyka fizyka chemia biologia;konkursy projekty
spec_rd;Specjalista R&D;11;sredni;tak;dociekanie liczby precyzja tech;analiza system tworzenie;dokladnosc wytrzymalosc uczenie_sie;glebia dokladnosc cisza;rozwoj mistrzostwo pieniadze;uznanie;studia doksztalcanie komputer chemikalia;duza_organizacja osiadlosc;nietykalnosc_pracy bez_ograniczen;niski;docelowy;niskie;;;0;0;;chemia fizyka biologia matematyka;projekty konkursy
technik_lab;Technik laboratoryjny;11;sredni;nie;precyzja dociekanie;dokladnosc reguly cierpliwosc;wytrzymalosc analiza sprzet;struktura dokladnosc cisza powtarzalnosc;stabilnosc mistrzostwo;zmiennosc pieniadze;chemikalia powtarzalnosc stanie;osiadlosc granica_ostra;nuda_powtarzalnosc potrzeba_ludzi;zerowy;trampolina;umiarkowane;Specjalizuj sie w trudnej technice analitycznej;;0;0;alergie_wziewne;chemia biologia;
architekt;Architekt;12;bardzo_dlugi;tak;obraz precyzja naprawianie planowanie;przestrzenna estetyka dokladnosc;system reguly organizowanie;glebia dokladnosc wlasne_pomysly;mistrzostwo uznanie;pieniadze czas_dla_siebie;dlugie_studia egzaminy komputer nadgodziny odpowiedzialnosc;dluga_inwestycja osiadlosc;efekt_szybki bez_ograniczen;sredni;docelowy;umiarkowane;Projektowanie tworcze to 10% pracy, reszta to przepisy i koordynacja;;1;0;;matematyka rysunek artystyczne;projekty hobby
geodeta;Geodeta;12;sredni;czesciowo;precyzja liczby ruch tech;dokladnosc rachunki sprzet;przestrzenna reguly samodzielnosc;samodzielnie dokladnosc efekt_widoczny;stabilnosc mistrzostwo wolnosc;relacje uznanie;studia kazda_pogoda fizyczna odpowiedzialnosc;osiadlosc mobilnosc wlasne;unikanie_konfliktu potrzeba_ludzi;wysoki;docelowy;niskie;Ucz sie skanowania i chmur punktow, klasyczny pomiar sie kurczy;;0;1;;matematyka geografia;
inzynier_budownictwa;Inzynier budownictwa;12;sredni;tak;naprawianie precyzja tech liczby;rachunki przestrzenna dokladnosc;system reguly analiza;dokladnosc struktura glebia;mistrzostwo stabilnosc pieniadze;zmiennosc;studia egzaminy komputer odpowiedzialnosc;osiadlosc duza_organizacja;potrzeba_pewnosci procedury_nie;niski;docelowy;niskie;Rosnie rynek modernizacji istniejacych budynkow;budowlanka_biuro;0;0;;matematyka fizyka;
kierownik_budowy;Kierownik budowy;12;bardzo_dlugi;tak;naprawianie prowadzenie planowanie ruch;organizowanie prowadzenie_grupy opanowanie;problemy reguly rozbrajanie;inicjatywa konfrontacja elastycznosc;wplyw pieniadze mistrzostwo;czas_dla_siebie;studia egzaminy kazda_pogoda wyjazdy odpowiedzialnosc presja nadgodziny;mobilnosc przenika;unikanie_konfliktu potrzeba_pewnosci brud_nie;niski;docelowy;bardzo_niskie;;;0;0;kregoslup;matematyka fizyka;praca_doryw
kosztorysant;Kosztorysant;12;sredni;czesciowo;liczby precyzja naprawianie pieniadze;rachunki dokladnosc przestrzenna;analiza wytrzymalosc reguly;dokladnosc cisza struktura;stabilnosc mistrzostwo pieniadze;zmiennosc relacje;komputer nadgodziny powtarzalnosc;granica_ostra zdalna;nuda_powtarzalnosc potrzeba_ludzi;niski;docelowy;umiarkowane;Ucz sie pracy z modelem budynku, nie samego przedmiarowania;budowlanka_biuro;0;0;;matematyka;
projektant_instalacji;Projektant instalacji;12;dlugi;tak;naprawianie tech precyzja liczby;rachunki system przestrzenna;dokladnosc reguly organizowanie;dokladnosc struktura glebia;stabilnosc mistrzostwo pieniadze;uznanie;studia egzaminy komputer odpowiedzialnosc;osiadlosc maly_zespol;potrzeba_uznania;niski;docelowy;bardzo_niskie;Ucz sie pomp ciepla i automatyki budynkowej, tam rosnie rynek;budowlanka_biuro;0;0;;matematyka fizyka;
elektryk;Elektryk;13;szybki;nie;naprawianie rece precyzja tech;manualne sprzet problemy;dokladnosc samodzielnosc przestrzenna;samodzielnie efekt_widoczny elastycznosc;wolnosc mistrzostwo stabilnosc;uznanie;fizyczna stanie brud ciasnota odpowiedzialnosc;szybkie_wejscie wlasne stacjonarna;ciasnota_nie procedury_nie stala_pensja;sredni;docelowy;bardzo_niskie;Ucz sie fotowoltaiki i automatyki budynkowej;instalacje;0;0;kregoslup;fizyka zawodowe;hobby firma_rodzinna
fryzjer;Fryzjer;13;szybki;nie;obraz rece rozmowa;manualne estetyka uprzejmosc;wyczuwanie dokladnosc wytrzymalosc;ludzie efekt_widoczny powtarzalnosc;relacje wolnosc mistrzostwo;stabilnosc uznanie;stanie weekendy ludzie_ciagle chemikalia;szybkie_wejscie wlasne osiadlosc;potrzeba_ciszy stanie_nie;niski;docelowy;bardzo_niskie;;uroda;0;0;alergie_skorne kregoslup;artystyczne zawodowe;
hydraulik;Hydraulik;13;szybki;nie;naprawianie rece precyzja;manualne problemy sprzet;samodzielnosc dokladnosc wytrzymalosc;samodzielnie efekt_widoczny elastycznosc;wolnosc pieniadze mistrzostwo;uznanie czas_dla_siebie;fizyczna brud ciasnota nieregularne odpowiedzialnosc;szybkie_wejscie wlasne stacjonarna;ciasnota_nie brud_nie potrzeba_pewnosci;sredni;docelowy;bardzo_niskie;Ucz sie pomp ciepla, tam sa najwyzsze stawki;instalacje;0;0;kregoslup;fizyka zawodowe;hobby firma_rodzinna
instalator_pv;Instalator fotowoltaiki;13;szybki;nie;rece ruch tech;manualne wytrzymalosc sprzet;reguly problemy zespol;zespol efekt_widoczny tempo;pieniadze zmiennosc mistrzostwo;stabilnosc;fizyczna wysokosc kazda_pogoda goraco wyjazdy;szybkie_wejscie mobilnosc;wysokosc_nie fizycznosc stala_pensja;bardzo_niski;docelowy;bardzo_niskie;Lacz z uprawnieniami elektrycznymi, to zabezpieczenie przed wahaniami rynku;;0;0;wysokosc kregoslup;fizyka zawodowe;
kosmetolog;Kosmetolog;13;sredni;czesciowo;obraz zdrowie rozmowa;manualne dokladnosc uprzejmosc;wyczuwanie zapamietywanie przekonywanie;ludzie dokladnosc efekt_widoczny;relacje wolnosc mistrzostwo;stabilnosc;stanie weekendy ludzie_ciagle chemikalia;szybkie_wejscie wlasne osiadlosc;stanie_nie sprzedaz_nie;wysoki;docelowy;niskie;Podologia jest deficytowa i dobrze platna;uroda;0;0;alergie_skorne kregoslup;biologia chemia;
krawiec;Krawiec;13;szybki;nie;rece precyzja obraz;manualne dokladnosc przestrzenna;wytrwalosc estetyka cierpliwosc;cisza samodzielnie dokladnosc;mistrzostwo wolnosc;pieniadze uznanie;stanie powtarzalnosc;szybkie_wejscie wlasne osiadlosc;potrzeba_ludzi wzrok_slaby;niski;docelowy;niskie;Uslugi i przerobki rosna, produkcja masowa nie;rzemioslo_material;0;0;wzrok kregoslup;artystyczne zawodowe;hobby
mechanik;Mechanik samochodowy;13;szybki;nie;naprawianie rece tech;problemy manualne sprzet;analiza uczenie_sie dokladnosc;samodzielnie efekt_widoczny tempo;mistrzostwo wolnosc pieniadze;uznanie;fizyczna brud halas doksztalcanie roszczeniowi;szybkie_wejscie wlasne osiadlosc;brud_nie doksztalcanie_nie cudza_zlosc;sredni;docelowy;niskie;Celuj w diagnostyke i pojazdy elektryczne;serwis_techniczny;0;0;kregoslup;fizyka zawodowe;hobby
spawacz;Spawacz;13;szybki;nie;rece precyzja naprawianie;manualne dokladnosc wytrzymalosc;sprzet wytrwalosc samodzielnosc;cisza samodzielnie dokladnosc;pieniadze mistrzostwo stabilnosc;relacje uznanie;fizyczna goraco halas wyjazdy samotnosc odpowiedzialnosc;szybkie_wejscie mobilnosc;potrzeba_ludzi wzrok_slaby goraco_nie;bardzo_niski;docelowy;umiarkowane;Zdobywaj kolejne uprawnienia, TIG jest celem;;0;0;wzrok alergie_wziewne;zawodowe;
stolarz;Stolarz;13;szybki;nie;rece precyzja obraz;manualne dokladnosc przestrzenna;estetyka wytrzymalosc sprzet;samodzielnie dokladnosc efekt_widoczny;mistrzostwo wolnosc;uznanie stabilnosc;fizyczna stanie halas dzwiganie;szybkie_wejscie wlasne osiadlosc;nuda_powtarzalnosc stanie_nie;wysoki;docelowy;niskie;Meble na wymiar sa bezpieczne, produkcja seryjna nie;rzemioslo_material;0;0;alergie_wziewne sluch kregoslup;zawodowe artystyczne;hobby projekty
technik_serwisu;Technik serwisu urzadzen;13;szybki;nie;naprawianie tech rece;problemy sprzet manualne;analiza samodzielnosc uprzejmosc;samodzielnie efekt_widoczny elastycznosc;mistrzostwo wolnosc pieniadze;uznanie;fizyczna wyjazdy roszczeniowi doksztalcanie;mobilnosc wlasne szybkie_wejscie;cudza_zlosc doksztalcanie_nie;sredni;docelowy;niskie;Wybor specjalizacji zmienia dochod dwukrotnie, celuj w medyczny albo przemyslowy;serwis_techniczny;0;0;;fizyka informatyka zawodowe;hobby
dyspozytor;Dyspozytor transportu;14;sredni;nie;planowanie prowadzenie porzadek;organizowanie wielozadaniowosc opanowanie;rozbrajanie przestrzenna reguly;tempo bodzce konfrontacja;pieniadze stabilnosc wplyw;cisza czas_dla_siebie;presja ludzie_ciagle nieregularne;osiadlosc przenika;unikanie_konfliktu potrzeba_pewnosci;zerowy;docelowy;umiarkowane;;transport_biuro;0;0;;geografia;praca_stala
kierowca;Kierowca zawodowy;14;szybki;nie;ruch naprawianie planowanie;sprzet samodzielnosc wytrzymalosc;opanowanie dokladnosc przestrzenna;samodzielnie cisza powtarzalnosc;pieniadze wolnosc stabilnosc;relacje czas_dla_siebie;wyjazdy noce nieregularne fizyczna samotnosc odpowiedzialnosc;mobilnosc przenika;potrzeba_ludzi kregoslup_slaby nuda_powtarzalnosc;sredni;docelowy;niskie;Zdobywaj uprawnienia specjalistyczne, potem rozwaz przejscie do spedycji;;0;0;kregoslup wzrok;zawodowe;
kierownik_magazynu;Kierownik magazynu;14;sredni;czesciowo;planowanie prowadzenie porzadek;organizowanie prowadzenie_grupy dokladnosc;opanowanie rozbrajanie system;struktura inicjatywa bodzce;stabilnosc wplyw pieniadze;cisza mistrzostwo;zmiany noce stanie halas ludzie_ciagle odpowiedzialnosc;osiadlosc duza_organizacja;potrzeba_ciszy noce_nie;zerowy;docelowy;umiarkowane;Ucz sie automatyki magazynowej, to podnosi wartosc;;0;0;;;praca_doryw praca_stala
spec_logistyki;Specjalista do spraw logistyki;14;sredni;czesciowo;planowanie liczby porzadek;organizowanie analiza system;negocjowanie dokladnosc wielozadaniowosc;struktura szerokosc elastycznosc;stabilnosc pieniadze wplyw;czas_dla_siebie;komputer presja ludzie_ciagle;osiadlosc duza_organizacja;unikanie_konfliktu potrzeba_pewnosci;niski;docelowy;umiarkowane;Celuj w zarzadzanie ryzykiem lancucha dostaw, nie w planowanie operacyjne;;0;0;;matematyka geografia;
spedytor;Spedytor;14;sredni;nie;planowanie przekonywanie porzadek;organizowanie wielozadaniowosc opanowanie;negocjowanie przestrzenna odpornosc;tempo bodzce szerokosc;pieniadze zmiennosc stabilnosc;czas_dla_siebie;presja ludzie_ciagle nieregularne komputer;duzo_godzin przenika;potrzeba_ciszy mierzenie;zerowy;docelowy;umiarkowane;Buduj wlasny portfel klientow, nie tylko obsluguj zlecenia;transport_biuro;0;0;;jezyki geografia;
agronom;Agronom;15;sredni;tak;przyroda ruch dociekanie;analiza dokladnosc wyjasnianie;przekonywanie samodzielnosc zapamietywanie;samodzielnie elastycznosc dokladnosc;wolnosc mistrzostwo stabilnosc;czas_dla_siebie;studia kazda_pogoda wyjazdy weekendy chemikalia;osiadlosc mobilnosc;kontrola_efektu potrzeba_ludzi;niski;docelowy;niskie;Ucz sie rolnictwa precyzyjnego i pracy z danymi;;0;1;;biologia chemia geografia;firma_rodzinna
lesnik;Lesnik;15;sredni;czesciowo;przyroda ruch porzadek;samodzielnosc dokladnosc analiza;reguly wytrzymalosc rozbrajanie;samodzielnie cisza dokladnosc;wolnosc stabilnosc zasady sens;uznanie zmiennosc;studia kazda_pogoda fizyczna samotnosc przeprowadzka;osiadlosc stacjonarna;potrzeba_ludzi efekt_szybki dokumentacja_nie;zerowy;docelowy;niskie;;;0;1;;biologia geografia;hobby
ogrodnik;Ogrodnik;15;szybki;nie;przyroda rece ruch;wytrzymalosc manualne sprzet;dokladnosc estetyka samodzielnosc;efekt_widoczny samodzielnie zmiennosc;wolnosc mistrzostwo czas_dla_siebie;pieniadze stabilnosc uznanie;fizyczna kazda_pogoda goraco niepewny_dochod;szybkie_wejscie wlasne osiadlosc;fizycznosc stala_pensja;niski;docelowy;bardzo_niskie;Arborystyka jest deficytowa i dobrze platna;;0;0;alergie_wziewne kregoslup;biologia zawodowe;hobby praca_doryw
spec_srodowiska;Specjalista ochrony srodowiska;15;sredni;tak;przyroda prawo porzadek;analiza reguly dokladnosc;wyjasnianie system slowo;struktura dokladnosc konfrontacja;zasady stabilnosc sens;zmiennosc uznanie;studia komputer doksztalcanie odpowiedzialnosc;osiadlosc duza_organizacja;dokumentacja_nie unikanie_konfliktu;niski;docelowy;bardzo_niskie;Raportowanie zrownowazonego rozwoju rosnie najszybciej;;0;0;;biologia chemia geografia;
technik_wet;Technik weterynarii;15;sredni;nie;przyroda opieka zdrowie;opiekunczosc manualne dokladnosc;wytrzymalosc opanowanie uprzejmosc;zespol ludzie efekt_widoczny;sens relacje;pieniadze mistrzostwo wplyw;fizyczna krew umieranie dyzury chorzy;szybkie_wejscie osiadlosc;umieranie fizycznosc kregoslup_slaby;bardzo_niski;trampolina;bardzo_niskie;Naturalna sciezka to uzupelnienie studiow weterynaryjnych;;0;0;alergie_wziewne kregoslup;biologia;wolontariat
weterynarz;Weterynarz;15;dlugi;tak;przyroda zdrowie dociekanie;opiekunczosc dokladnosc opanowanie;zapamietywanie manualne wyczuwanie;dokladnosc ludzie glebia;sens mistrzostwo wolnosc;czas_dla_siebie pieniadze;dlugie_studia dyzury weekendy krew umieranie odpowiedzialnosc;dluga_inwestycja przenika;umieranie potrzeba_pewnosci fizycznosc;niski;docelowy;bardzo_niskie;Sprawdz wolontariatem w lecznicy przed decyzja o szesciu latach;;0;0;;biologia chemia;wolontariat hobby
farmaceuta;Farmaceuta;16;dlugi;tak;zdrowie precyzja dociekanie;zapamietywanie dokladnosc reguly;wyjasnianie uprzejmosc analiza;dokladnosc ludzie struktura;sens stabilnosc mistrzostwo;zmiennosc wolnosc;studia stanie ludzie_ciagle weekendy;osiadlosc granica_ostra;stanie_nie sprzedaz_nie nuda_powtarzalnosc;niski;docelowy;umiarkowane;Opieka farmaceutyczna rosnie, samo wydawanie lekow sie kurczy;;0;0;;biologia chemia;
lekarz;Lekarz;16;bardzo_dlugi;tak;zdrowie dociekanie opieka;zapamietywanie opanowanie dokladnosc;analiza wyczuwanie manualne;dokladnosc ludzie glebia;sens mistrzostwo uznanie stabilnosc;czas_dla_siebie wolnosc;dlugie_studia egzaminy doksztalcanie dyzury noce weekendy krew chorzy umieranie odpowiedzialnosc;dluga_inwestycja przenika duzo_godzin;umieranie potrzeba_pewnosci doksztalcanie_nie;niski;docelowy;bardzo_niskie;;;0;0;;biologia chemia;wolontariat
opiekun_med;Opiekun medyczny;16;szybki;nie;opieka zdrowie rozmowa;opiekunczosc wytrzymalosc uprzejmosc;cierpliwosc dokladnosc wyczuwanie;ludzie powtarzalnosc struktura;sens relacje zasady;pieniadze uznanie mistrzostwo;fizyczna brud zmiany chorzy umieranie dzwiganie;szybkie_wejscie stacjonarna;fizycznosc umieranie kregoslup_slaby;bardzo_niski;trampolina;bardzo_niskie;Naturalna sciezka to studia pielegniarskie;opieka_bezposrednia;0;0;kregoslup;;wolontariat
pielegniarka;Pielegniarka;16;sredni;tak;zdrowie opieka rozmowa;opiekunczosc opanowanie dokladnosc;zapamietywanie wytrzymalosc uprzejmosc;ludzie zespol struktura;sens stabilnosc relacje;czas_dla_siebie wolnosc;studia zmiany noce weekendy krew chorzy umieranie fizyczna odpowiedzialnosc;przenika stacjonarna;umieranie noce_nie fizycznosc kregoslup_slaby;niski;docelowy;bardzo_niskie;;pielegniarstwo;0;0;kregoslup;biologia;wolontariat
polozna;Polozna;16;sredni;tak;zdrowie opieka rozmowa;opanowanie opiekunczosc dokladnosc;wyczuwanie manualne wyjasnianie;ludzie tempo samodzielnie;sens mistrzostwo stabilnosc;czas_dla_siebie;studia zmiany noce weekendy krew odpowiedzialnosc fizyczna;przenika stacjonarna;umieranie potrzeba_pewnosci noce_nie;niski;docelowy;bardzo_niskie;;pielegniarstwo;0;0;kregoslup;biologia;wolontariat
ratownik_med;Ratownik medyczny;16;sredni;tak;zdrowie ruch opieka;opanowanie dokladnosc wytrzymalosc;zapamietywanie rozbrajanie problemy;zespol bodzce tempo;sens relacje stabilnosc;czas_dla_siebie bezpieczenstwo;studia zmiany noce weekendy krew umieranie fizyczna agresja;przenika mobilnosc;umieranie noce_nie fizycznosc;niski;docelowy;bardzo_niskie;;;0;0;kregoslup;biologia wf;wolontariat kursy
technik_farm;Technik farmaceutyczny;16;sredni;nie;zdrowie precyzja rozmowa;dokladnosc uprzejmosc zapamietywanie;reguly cierpliwosc organizowanie;struktura ludzie powtarzalnosc;sens stabilnosc;pieniadze mistrzostwo;stanie ludzie_ciagle weekendy;szybkie_wejscie osiadlosc;stanie_nie potrzeba_rozwoju;zerowy;trampolina;wysokie;Dobre wejscie, rozwaz uzupelnienie studiow farmaceutycznych;;0;0;;biologia chemia;
technik_radiolog;Technik radiolog;16;sredni;tak;zdrowie tech precyzja;dokladnosc sprzet reguly;wyczuwanie uprzejmosc zapamietywanie;dokladnosc struktura ludzie;sens stabilnosc mistrzostwo;zmiennosc;studia zmiany dyzury chorzy fizyczna;osiadlosc stacjonarna;nuda_powtarzalnosc potrzeba_relacji;niski;docelowy;niskie;;;0;0;;biologia fizyka;
dietetyk;Dietetyk;17;sredni;tak;zdrowie rozmowa uczenie;wyjasnianie wyczuwanie analiza;cierpliwosc przekonywanie dokladnosc;ludzie samodzielnie dokladnosc;sens wolnosc mistrzostwo;stabilnosc;studia ludzie_ciagle niepewny_dochod komputer;zdalna wlasne;kontrola_efektu sprzedaz_nie;sredni;docelowy;umiarkowane;Celuj w dietetyke kliniczna, ukladanie jadlospisow jest zagrozone;;0;0;;biologia chemia;
fizjoterapeuta;Fizjoterapeuta;17;dlugi;tak;zdrowie opieka ruch;opiekunczosc wyjasnianie manualne;wyczuwanie wytrzymalosc zapamietywanie;ludzie dokladnosc samodzielnie;sens mistrzostwo wolnosc;pieniadze stabilnosc;studia stanie ludzie_ciagle chorzy doksztalcanie fizyczna;wlasne osiadlosc;efekt_szybki dotyk kontrola_efektu;sredni;docelowy;bardzo_niskie;Etat placi zle, planuj wlasny gabinet od poczatku;cialo_terapia;0;0;kregoslup;biologia wf;wolontariat
masazysta;Masazysta;17;szybki;nie;zdrowie opieka ruch;manualne opiekunczosc wytrzymalosc;wyczuwanie uprzejmosc cierpliwosc;ludzie samodzielnie powtarzalnosc;sens wolnosc relacje;stabilnosc pieniadze;stanie fizyczna ludzie_ciagle niepewny_dochod;szybkie_wejscie wlasne;rece_slabe dotyk stala_pensja;niski;docelowy;niskie;Zawod zuzywa rece, planuj przejscie do specjalizacji mniej obciazajacych;cialo_terapia;0;0;kregoslup;biologia wf;
optyk;Optyk;17;szybki;nie;precyzja rece zdrowie;manualne dokladnosc uprzejmosc;estetyka przekonywanie sprzet;dokladnosc ludzie struktura;stabilnosc mistrzostwo;wolnosc zmiennosc;stanie weekendy ludzie_ciagle;szybkie_wejscie osiadlosc;sprzedaz_nie stanie_nie;wysoki;docelowy;umiarkowane;Uzupelnij optometrie, tam jest czesc odporna i lepiej platna;;0;0;wzrok;fizyka biologia;
protetyk_sluchu;Protetyk słuchu;17;sredni;czesciowo;zdrowie precyzja rozmowa;dokladnosc cierpliwosc wyjasnianie;sprzet uprzejmosc wyczuwanie;dokladnosc ludzie struktura;sens stabilnosc mistrzostwo;zmiennosc;ludzie_ciagle komputer doksztalcanie;osiadlosc granica_ostra;sprzedaz_nie nuda_powtarzalnosc;niski;docelowy;niskie;;;0;0;sluch;fizyka biologia;
terapeuta_zajeciowy;Terapeuta zajeciowy;17;sredni;czesciowo;opieka uczenie rece;opiekunczosc wyjasnianie wyczuwanie;tworzenie manualne cierpliwosc;ludzie zespol powtarzalnosc;sens relacje czas_dla_siebie;pieniadze uznanie mistrzostwo;fizyczna chorzy ludzie_ciagle;osiadlosc mniej_godzin;efekt_szybki fizycznosc;zerowy;docelowy;bardzo_niskie;;;0;0;;biologia artystyczne;wolontariat
instruktor_rekreacji;Instruktor rekreacji;18;szybki;nie;ruch uczenie wspolnota;wyjasnianie wytrzymalosc opanowanie;prowadzenie_grupy wyczuwanie sprzet;zespol zmiennosc bodzce;wolnosc relacje zmiennosc;stabilnosc pieniadze;weekendy nieregularne fizyczna kazda_pogoda niepewny_dochod;mobilnosc szybkie_wejscie;stala_pensja weekendy_nie;bardzo_niski;docelowy;niskie;;;0;0;kregoslup;wf;hobby
nauczyciel_wf;Nauczyciel wychowania fizycznego;18;dlugi;tak;ruch uczenie rozmowa;wyjasnianie prowadzenie_grupy cierpliwosc;wytrzymalosc rozbrajanie wystapienia;ludzie bodzce powtarzalnosc;sens czas_dla_siebie stabilnosc relacje;pieniadze uznanie;studia ludzie_ciagle dzieci halas odpowiedzialnosc;osiadlosc granica_ostra;potrzeba_ciszy cudza_zlosc;niski;docelowy;niskie;;;0;0;kregoslup;wf biologia;hobby prowadzenie
trener_druzyny;Trener druzyny;18;sredni;czesciowo;ruch prowadzenie uczenie;prowadzenie_grupy wyjasnianie opanowanie;wyczuwanie odpornosc system;zespol inicjatywa konfrontacja;wplyw sens relacje;stabilnosc czas_dla_siebie;weekendy wyjazdy nieregularne niepewny_dochod presja;przenika mobilnosc;kontrola_efektu odmowa_do_siebie weekendy_nie;niski;docelowy;niskie;;;0;0;;wf;hobby prowadzenie konkursy
trener_personalny;Trener personalny;18;sredni;nie;ruch uczenie zdrowie;wyjasnianie wytrzymalosc przekonywanie;wyczuwanie samodzielnosc odpornosc;ludzie inicjatywa efekt_widoczny;wolnosc relacje sens;stabilnosc czas_dla_siebie;nieregularne weekendy fizyczna niepewny_dochod wlasna_dzialalnosc;wlasne przenika;sprzedaz_nie stala_pensja wieczory_nie;niski;docelowy;niskie;Specjalizuj sie w treningu medycznym, tam nie konkurujesz z aplikacja;;0;0;kregoslup;biologia wf;hobby
asystent_niepelno;Asystent osoby z niepelnosprawnoscia;19;szybki;nie;opieka rozmowa wspolnota;opiekunczosc wyczuwanie wytrzymalosc;problemy uprzejmosc cierpliwosc;ludzie elastycznosc zgoda;sens relacje zasady;pieniadze wplyw;fizyczna nieregularne chorzy dzwiganie;szybkie_wejscie mniej_godzin;potrzeba_decydowania kregoslup_slaby;bardzo_niski;docelowy;bardzo_niskie;;;0;0;kregoslup;;wolontariat
asystent_rodziny;Asystent rodziny;19;sredni;czesciowo;opieka rozmowa uczenie;opiekunczosc wyczuwanie wyjasnianie;rozbrajanie organizowanie cierpliwosc;samodzielnie ludzie elastycznosc;sens zasady;pieniadze uznanie;ludzie_ciagle nieregularne agresja odpowiedzialnosc;przenika mobilnosc;zabieranie_do_domu efekt_widoczny;zerowy;docelowy;bardzo_niskie;;praca_z_rodzina;0;0;;wos;wolontariat
kierownik_placowki;Kierownik placowki opiekunczej;19;dlugi;tak;prowadzenie opieka porzadek;prowadzenie_grupy organizowanie reguly;rozbrajanie opanowanie wyczuwanie;struktura konfrontacja inicjatywa;wplyw sens stabilnosc;czas_dla_siebie;studia odpowiedzialnosc ludzie_ciagle presja;przenika osiadlosc;unikanie_konfliktu dokumentacja_nie;niski;docelowy;bardzo_niskie;;;0;0;;wos;praca_stala wolontariat
opiekun_starszej;Opiekun osoby starszej;19;szybki;nie;opieka rozmowa zdrowie;opiekunczosc wytrzymalosc uprzejmosc;cierpliwosc samodzielnosc wyczuwanie;ludzie samodzielnie powtarzalnosc;sens relacje;pieniadze uznanie mistrzostwo;fizyczna brud chorzy umieranie dzwiganie samotnosc;szybkie_wejscie mobilnosc;fizycznosc umieranie kregoslup_slaby potrzeba_ludzi;bardzo_niski;docelowy;bardzo_niskie;;opieka_bezposrednia;0;0;kregoslup;;wolontariat firma_rodzinna
opiekunka_dziecieca;Opiekunka dziecieca;19;szybki;nie;opieka uczenie wspolnota;opiekunczosc wyczuwanie uprzejmosc;wytrzymalosc cierpliwosc tworzenie;ludzie bodzce powtarzalnosc;sens relacje czas_dla_siebie;pieniadze uznanie mistrzostwo;fizyczna dzieci ludzie_ciagle halas chorzy;szybkie_wejscie osiadlosc;potrzeba_ciszy cudza_zlosc kregoslup_slaby;bardzo_niski;trampolina;niskie;Naturalna sciezka to studia z pedagogiki przedszkolnej;;0;0;kregoslup;biologia;wolontariat
pracownik_socjalny;Pracownik socjalny;19;sredni;tak;opieka rozmowa wspolnota;wyczuwanie opiekunczosc reguly;rozbrajanie opanowanie dokladnosc;samodzielnie konfrontacja elastycznosc;sens zasady stabilnosc;pieniadze uznanie;studia ludzie_ciagle agresja odpowiedzialnosc kazda_pogoda;osiadlosc przenika;zabieranie_do_domu efekt_widoczny dokumentacja_nie unikanie_konfliktu;niski;docelowy;bardzo_niskie;;praca_z_rodzina;0;0;;wos polski;wolontariat
coach;Coach;20;sredni;nie;rozmowa przekonywanie uczenie;wyczuwanie wyjasnianie odpornosc;przekonywanie slowo samodzielnosc;ludzie inicjatywa samodzielnie;wolnosc sens rozwoj;stabilnosc uznanie;niepewny_dochod wlasna_dzialalnosc ludzie_ciagle wystapienia;wlasne zdalna;sprzedaz_nie stala_pensja potrzeba_uznania;wysoki;docelowy;umiarkowane;Bez wczesniejszego doswiadczenia zawodowego nie ma czego uczyc;;0;0;;;praca_stala prowadzenie
doradca_zawodowy;Doradca zawodowy;20;sredni;tak;rozmowa uczenie wspolnota;wyczuwanie wyjasnianie analiza;wystapienia cierpliwosc slowo;ludzie cisza dokladnosc;sens relacje czas_dla_siebie;pieniadze wplyw;studia ludzie_ciagle wystapienia doksztalcanie;osiadlosc granica_ostra;potrzeba_doradzania kontrola_efektu;niski;docelowy;umiarkowane;Bądź przewodnikiem, nie wyszukiwarka;;0;0;;wos polski;wolontariat prowadzenie
interwent;Interwent kryzysowy;20;dlugi;tak;rozmowa opieka wspolnota;opanowanie wyczuwanie rozbrajanie;reguly analiza cierpliwosc;zespol tempo ludzie;sens zasady;stabilnosc czas_dla_siebie;studia dyzury noce chorzy umieranie odpowiedzialnosc presja;przenika;umieranie zabieranie_do_domu kontrola_efektu;niski;docelowy;bardzo_niskie;Bez superwizji nie podejmuj tej pracy;;0;0;;biologia wos;wolontariat
psycholog;Psycholog;20;dlugi;tak;rozmowa opieka dociekanie;wyczuwanie rozbrajanie analiza;wyjasnianie cierpliwosc slowo;cisza glebia samodzielnie;sens mistrzostwo zasady;pieniadze efekt_widoczny;studia doksztalcanie ludzie_ciagle chorzy odpowiedzialnosc;dluga_inwestycja maly_zespol;efekt_szybki zabieranie_do_domu potrzeba_doradzania;sredni;docelowy;niskie;Sam dyplom nie daje uprawnien terapeutycznych ani latwej pracy;pomoc_psych;0;0;;biologia polski wos;wolontariat
psychoterapeuta;Psychoterapeuta;20;bardzo_dlugi;tak;rozmowa dociekanie opieka;wyczuwanie cierpliwosc rozbrajanie;analiza slowo samodzielnosc;cisza glebia samodzielnie;sens mistrzostwo wolnosc;pieniadze czas_dla_siebie;dlugie_studia doksztalcanie ludzie_ciagle chorzy odpowiedzialnosc;dluga_inwestycja wlasne maly_zespol;efekt_szybki potrzeba_doradzania zabieranie_do_domu;bardzo_wysoki;docelowy;niskie;Droga kosztuje 60-120 tysiecy wlasnych srodkow, wiedz o tym przed wyborem studiow;pomoc_psych;0;0;;biologia polski;wolontariat
katecheta;Katecheta;21;dlugi;tak;wspolnota uczenie rozmowa;wystapienia wyczuwanie wyjasnianie;prowadzenie_grupy cierpliwosc rozbrajanie;ludzie bodzce powtarzalnosc;sens zasady czas_dla_siebie relacje;uznanie pieniadze;studia dzieci ludzie_ciagle wystapienia weekendy;osiadlosc;krytyka_osobista potrzeba_uznania;niski;docelowy;wysokie;Zdobadz uprawnienia do drugiego przedmiotu;;0;0;;polski historia;wolontariat
lektor;Lektor jezyka obcego;21;szybki;nie;uczenie pisanie rozmowa;wyjasnianie cierpliwosc slowo;zapamietywanie wyczuwanie samodzielnosc;ludzie samodzielnie elastycznosc;wolnosc sens relacje;stabilnosc pieniadze;nieregularne niepewny_dochod ludzie_ciagle;zdalna szybkie_wejscie wlasne;wieczory_nie stala_pensja;bardzo_niski;docelowy;wysokie;Celuj w konwersacje i egzaminy, nie w gramatyke;;0;0;;jezyki polski;hobby kursy
nauczyciel;Nauczyciel;21;dlugi;tak;uczenie rozmowa;wyjasnianie wystapienia cierpliwosc;organizowanie rozbrajanie wyczuwanie;ludzie bodzce powtarzalnosc;sens czas_dla_siebie stabilnosc relacje;pieniadze uznanie;studia ludzie_ciagle dzieci wystapienia doksztalcanie;osiadlosc przenika;potrzeba_ciszy krytyka_osobista efekt_widoczny;niski;docelowy;niskie;Wybor przedmiotu wazy tu wiecej niz gdziekolwiek indziej;szkola;0;0;;polski matematyka;wolontariat prowadzenie
nauczyciel_przedszkola;Nauczyciel przedszkola;21;dlugi;tak;uczenie opieka wspolnota;opiekunczosc wyjasnianie prowadzenie_grupy;tworzenie wyczuwanie wytrzymalosc;ludzie bodzce powtarzalnosc;sens relacje czas_dla_siebie;pieniadze uznanie;studia dzieci ludzie_ciagle halas fizyczna odpowiedzialnosc;osiadlosc;potrzeba_ciszy cudza_zlosc kregoslup_slaby;niski;docelowy;umiarkowane;;;0;0;kregoslup;polski artystyczne;wolontariat
pedagog_specjalny;Pedagog specjalny;21;dlugi;tak;uczenie opieka rozmowa;opiekunczosc wyjasnianie tworzenie;wyczuwanie opanowanie cierpliwosc;ludzie zespol powtarzalnosc;sens mistrzostwo stabilnosc;pieniadze efekt_widoczny;studia dzieci ludzie_ciagle doksztalcanie agresja;osiadlosc;efekt_szybki agresja konflikt_rodzic;niski;docelowy;bardzo_niskie;Najszybciej rosnacy zawod w calej edukacji;szkola;0;0;;biologia polski;wolontariat
trener_biznesu;Trener biznesu;21;sredni;nie;uczenie przekonywanie rozmowa;wyjasnianie wystapienia prowadzenie_grupy;przekonywanie tworzenie odpornosc;ludzie inicjatywa tempo;wolnosc rozwoj uznanie pieniadze;stabilnosc czas_dla_siebie;wyjazdy wystapienia niepewny_dochod ludzie_ciagle;mobilnosc wlasne;sprzedaz_nie stala_pensja krytyka_osobista;wysoki;docelowy;umiarkowane;Cwiczenia umiejetnosci sa bezpieczne, przekazywanie wiedzy nie;;0;0;;;praca_stala prowadzenie
animator;Animator spoleczny;22;szybki;nie;wspolnota rozmowa uczenie;wyczuwanie prowadzenie_grupy organizowanie;tworzenie rozbrajanie odpornosc;inicjatywa elastycznosc ludzie;sens relacje wolnosc;pieniadze stabilnosc uznanie;weekendy nieregularne ludzie_ciagle niepewny_dochod;maly_zespol przenika;efekt_widoczny odmowa_do_siebie;zerowy;docelowy;bardzo_niskie;;;0;0;;;wolontariat prowadzenie
duszpasterz;Duszpasterz;22;dlugi;tak;wspolnota rozmowa uczenie;wyczuwanie wystapienia opiekunczosc;wyjasnianie prowadzenie_grupy organizowanie;ludzie samodzielnie elastycznosc;sens zasady relacje wplyw;pieniadze czas_dla_siebie;studia ludzie_ciagle wystapienia nieregularne odpowiedzialnosc umieranie;przenika stacjonarna;potrzeba_prywatnosci samotnosc_w_roli umieranie;zerowy;docelowy;niskie;;;0;0;;polski historia;wolontariat prowadzenie
fundraiser;Fundraiser;22;sredni;czesciowo;przekonywanie wspolnota pisanie;przekonywanie slowo odpornosc;analiza wyczuwanie organizowanie;inicjatywa tempo ludzie;sens wplyw rozwoj;stabilnosc;presja ludzie_ciagle nieregularne;maly_zespol przenika;sprzedaz_nie odmowa_do_siebie;zerowy;docelowy;niskie;;;0;0;;polski;wolontariat prowadzenie
koordynator_ngo;Koordynator projektow w NGO;22;sredni;czesciowo;wspolnota planowanie rozmowa;organizowanie prowadzenie_grupy slowo;rachunki wyczuwanie wielozadaniowosc;inicjatywa elastycznosc ludzie;sens zasady wolnosc;pieniadze stabilnosc;weekendy nieregularne niepewny_dochod ludzie_ciagle;przenika maly_zespol;potrzeba_stabilnosci dokumentacja_nie;zerowy;docelowy;niskie;;;0;0;;polski wos;wolontariat prowadzenie
misjonarz;Misjonarz swiecki;22;sredni;czesciowo;wspolnota opieka ruch;samodzielnosc wytrzymalosc problemy;uczenie_sie cierpliwosc opanowanie;samodzielnie elastycznosc zgoda;sens zasady wolnosc;pieniadze stabilnosc czas_dla_siebie;zagranica przeprowadzka fizyczna kazda_pogoda niepewny_dochod samotnosc;mobilnosc przenika;potrzeba_stabilnosci bez_zawodu;niski;docelowy;niskie;Bez konkretnego zawodu nie ma czego robic na misji;;0;0;;;wolontariat
fotograf;Fotograf;23;szybki;nie;obraz scena rozmowa;estetyka sprzet opanowanie;wyczuwanie samodzielnosc odpornosc;samodzielnie inicjatywa zmiennosc;wolnosc uznanie zmiennosc;stabilnosc czas_dla_siebie;weekendy nieregularne fizyczna niepewny_dochod dzwiganie wlasna_dzialalnosc;mobilnosc wlasne;weekendy_nie stala_pensja sprzedaz_nie;wysoki;docelowy;umiarkowane;Celuj w wydarzenia, nie w fotografie produktowa;;0;0;kregoslup;artystyczne;hobby projekty
grafik;Grafik;23;szybki;nie;obraz precyzja pisanie;estetyka dokladnosc tworzenie;samodzielnosc odpornosc przestrzenna;cisza samodzielnie wlasne_pomysly;wolnosc mistrzostwo uznanie;stabilnosc;komputer niepewny_dochod doksztalcanie;zdalna wlasne;nietykalnosc_pracy bez_ograniczen sprzedaz_nie;sredni;docelowy;wysokie;Celuj w systemy wizualne i druk, nie w wykonawstwo;projektowanie_wiz;0;0;;artystyczne informatyka;projekty hobby
ilustrator;Ilustrator;23;szybki;nie;obraz rece;estetyka manualne tworzenie;samodzielnosc wytrwalosc odpornosc;cisza samodzielnie glebia;wolnosc mistrzostwo;stabilnosc relacje pieniadze;niepewny_dochod samotnosc wlasna_dzialalnosc komputer;zdalna wlasne mniej_godzin;stala_pensja potrzeba_ludzi samodyscyplina_brak;niski;docelowy;bardzo_wysokie;Planuj jako jedna z kilku umiejetnosci, nie jako jedyne zrodlo utrzymania;;0;0;;artystyczne rysunek;hobby projekty
projektant_produktu;Projektant produktu;23;sredni;tak;obraz rece tech naprawianie;przestrzenna estetyka tworzenie;dokladnosc system manualne;glebia dokladnosc wlasne_pomysly;mistrzostwo rozwoj uznanie;efekt_widoczny;studia komputer doksztalcanie;osiadlosc duza_organizacja;efekt_szybki bez_ograniczen;niski;docelowy;niskie;Rynek w Polsce jest waski, licz sie z wyjazdem albo klientami zagranicznymi;;0;0;;rysunek fizyka artystyczne;projekty hobby
projektant_ux;Projektant UX;23;sredni;nie;obraz rozmowa dociekanie;estetyka tworzenie wyczuwanie;analiza odpornosc slowo;wlasne_pomysly ludzie elastycznosc;rozwoj mistrzostwo wolnosc uznanie;stabilnosc;komputer ludzie_ciagle doksztalcanie;zdalna duza_organizacja;krytyka_osobista bez_uzasadnienia potrzeba_pewnosci;niski;docelowy;umiarkowane;Rynek wejsciowy jest przesycony, potrzebne bardzo dobre portfolio;projektowanie_wiz;0;0;;informatyka artystyczne;projekty
projektant_wnetrz;Projektant wnetrz;23;sredni;czesciowo;obraz precyzja planowanie;estetyka przestrzenna organizowanie;dokladnosc wyczuwanie negocjowanie;wlasne_pomysly ludzie elastycznosc;wolnosc mistrzostwo uznanie;stabilnosc;nieregularne wyjazdy niepewny_dochod ludzie_ciagle;wlasne mobilnosc;wizualizacje_tylko potrzeba_pewnosci;wysoki;docelowy;umiarkowane;Prowadzenie realizacji jest bezpieczne, same wizualizacje nie;;0;0;;artystyczne rysunek matematyka;projekty
dziennikarz;Dziennikarz;24;sredni;czesciowo;pisanie dociekanie prawo;slowo analiza odpornosc;wyczuwanie opanowanie zapamietywanie;tempo konfrontacja szerokosc;sens uznanie zmiennosc zasady;stabilnosc pieniadze czas_dla_siebie;nieregularne presja wyjazdy agresja;przenika mobilnosc;potrzeba_stabilnosci cudza_zlosc konfrontacja_nie;zerowy;docelowy;wysokie;Weryfikacja faktow rosnie na wartosci, przetwarzanie informacji nie;;1;0;;polski historia wos;projekty konkursy
montazysta;Montazysta wideo;24;szybki;nie;obraz scena pisanie;estetyka dokladnosc cierpliwosc;samodzielnosc tworzenie sprzet;cisza samodzielnie glebia;wolnosc mistrzostwo;stabilnosc relacje;komputer nieregularne niepewny_dochod samotnosc;zdalna szybkie_wejscie;potrzeba_ludzi nietykalnosc_pracy samodyscyplina_brak;sredni;docelowy;umiarkowane;Celuj w dluzsze formy, krotkie sie automatyzuja;;0;0;;informatyka artystyczne;projekty hobby
operator_kamery;Operator kamery;24;sredni;czesciowo;obraz scena ruch;estetyka sprzet wytrzymalosc;opanowanie dokladnosc zespol;zespol tempo bodzce;zmiennosc uznanie relacje;stabilnosc czas_dla_siebie;wyjazdy nieregularne fizyczna dzwiganie weekendy niepewny_dochod;mobilnosc przenika;fizycznosc stala_pensja;wysoki;docelowy;niskie;;;0;0;kregoslup;artystyczne fizyka;projekty hobby
producent;Producent;24;dlugi;czesciowo;planowanie prowadzenie scena;organizowanie wielozadaniowosc opanowanie;negocjowanie rachunki prowadzenie_grupy;tempo inicjatywa ryzyko;wplyw uznanie zmiennosc;stabilnosc czas_dla_siebie;nadgodziny wyjazdy presja odpowiedzialnosc ryzyko_finansowe;przenika mobilnosc;potrzeba_tworzenia potrzeba_stabilnosci;niski;docelowy;niskie;;;1;0;;;projekty prowadzenie
redaktor;Redaktor;24;sredni;czesciowo;pisanie precyzja porzadek;slowo dokladnosc analiza;wytrwalosc wyczuwanie cierpliwosc;cisza dokladnosc samodzielnie;mistrzostwo czas_dla_siebie wolnosc;uznanie pieniadze;komputer samotnosc niepewny_dochod;zdalna wlasne;potrzeba_uznania nietykalnosc_pracy wzrok_slaby;zerowy;docelowy;umiarkowane;Celuj w redakcje merytoryczna, korekta sie automatyzuje;;0;0;wzrok;polski;projekty
tworca_internetowy;Tworca internetowy;24;szybki;nie;scena pisanie obraz;wystapienia tworzenie samodzielnosc;odpornosc estetyka analiza;inicjatywa ryzyko wlasne_pomysly;wolnosc uznanie zmiennosc;stabilnosc;niepewny_dochod wlasna_dzialalnosc nieregularne roszczeniowi;przenika zdalna wlasne;cudza_zlosc stala_pensja samodyscyplina_brak mierzenie;bardzo_niski;docelowy;umiarkowane;Buduj kontakt niezalezny od platformy, publicznosc do Ciebie nie nalezy;;0;0;;polski artystyczne;projekty hobby
aktor;Aktor;25;bardzo_dlugi;czesciowo;scena rozmowa obraz;wystapienia odpornosc zapamietywanie;wyczuwanie opanowanie wytrzymalosc;ludzie bodzce ryzyko;uznanie zmiennosc relacje;stabilnosc pieniadze czas_dla_siebie;wieczory weekendy niepewny_dochod wyjazdy wystapienia;przenika mobilnosc;odmowa_do_siebie krytyka_osobista stala_pensja;sredni;docelowy;umiarkowane;Dubbing i lektorstwo, czyli stabilna czesc dochodu, sa zagrozone synteza glosu;;0;0;;polski artystyczne;hobby prowadzenie
instruktor_teatralny;Instruktor teatralny;25;sredni;czesciowo;scena uczenie wspolnota;prowadzenie_grupy wyjasnianie wyczuwanie;tworzenie cierpliwosc wystapienia;ludzie elastycznosc zespol;sens relacje;pieniadze stabilnosc;wieczory weekendy ludzie_ciagle niepewny_dochod;osiadlosc maly_zespol;wieczory_nie potrzeba_jakosci;zerowy;docelowy;bardzo_niskie;;;0;0;;polski artystyczne;hobby wolontariat prowadzenie
muzyk;Muzyk;25;bardzo_dlugi;czesciowo;dzwiek scena rece;estetyka manualne cierpliwosc;opanowanie zapamietywanie samodzielnosc;glebia dokladnosc zespol;mistrzostwo uznanie;stabilnosc pieniadze;wieczory weekendy niepewny_dochod wyjazdy doksztalcanie;przenika mobilnosc dluga_inwestycja;stala_pensja krytyka_osobista rece_slabe;bardzo_wysoki;docelowy;niskie;Nauczanie utrzymuje wiekszosc muzykow w Polsce;;0;0;sluch;artystyczne;hobby konkursy
nauczyciel_muzyki;Nauczyciel muzyki;25;dlugi;tak;uczenie dzwiek scena;wyjasnianie cierpliwosc manualne;wyczuwanie prowadzenie_grupy zapamietywanie;ludzie dokladnosc powtarzalnosc;sens mistrzostwo stabilnosc czas_dla_siebie;pieniadze uznanie;studia wieczory dzieci ludzie_ciagle;osiadlosc granica_ostra;wieczory_nie efekt_szybki;niski;docelowy;bardzo_niskie;;;0;0;sluch;artystyczne;hobby prowadzenie
realizator_dzwieku;Realizator dzwieku;25;szybki;nie;dzwiek tech precyzja;sprzet problemy opanowanie;wytrzymalosc dokladnosc zespol;zespol tempo bodzce;mistrzostwo zmiennosc relacje;stabilnosc czas_dla_siebie;weekendy nieregularne fizyczna halas dzwiganie;mobilnosc przenika;sluch_slaby fizycznosc weekendy_nie;sredni;docelowy;niskie;Realizacja na zywo jest bezpieczna, prosty miks studyjny nie;;0;0;sluch kregoslup;fizyka informatyka artystyczne;hobby projekty
barista;Barista;26;szybki;nie;rece rozmowa precyzja;uprzejmosc manualne wielozadaniowosc;dokladnosc wytrzymalosc estetyka;ludzie tempo powtarzalnosc;relacje zmiennosc mistrzostwo;pieniadze rozwoj stabilnosc;stanie weekendy ludzie_ciagle;szybkie_wejscie stacjonarna;stanie_nie nuda_powtarzalnosc potrzeba_rozwoju;zerowy;trampolina;umiarkowane;Dobra pierwsza praca, jako kariera tylko przez wlasny lokal;;0;0;kregoslup;;praca_doryw
cukiernik;Cukiernik;26;szybki;nie;rece precyzja obraz;dokladnosc manualne cierpliwosc;estetyka wytrwalosc wytrzymalosc;dokladnosc powtarzalnosc cisza;mistrzostwo wolnosc;relacje uznanie;weekendy stanie goraco fizyczna;szybkie_wejscie wlasne osiadlosc;wczesne_wstawanie stanie_nie bez_ograniczen;wysoki;docelowy;niskie;Wyroby na zamowienie sa bezpieczne, produkcja masowa nie;;0;0;alergie_wziewne kregoslup;zawodowe artystyczne;hobby
kelner;Kelner;26;szybki;nie;rozmowa przekonywanie ruch;uprzejmosc wielozadaniowosc zapamietywanie;wytrzymalosc opanowanie przekonywanie;ludzie tempo bodzce;relacje zmiennosc pieniadze;stabilnosc rozwoj uznanie;weekendy stanie ludzie_ciagle roszczeniowi;szybkie_wejscie stacjonarna;cudza_zlosc weekendy_nie stanie_nie;zerowy;trampolina;umiarkowane;Najlatwiejsze wejscie w bazie i najlepsza darmowa szkola obslugi ludzi;;0;0;kregoslup;;praca_doryw
kucharz;Kucharz;26;szybki;nie;rece planowanie precyzja;opanowanie wielozadaniowosc manualne;wytrzymalosc dokladnosc zespol;tempo bodzce zespol;relacje zmiennosc mistrzostwo;czas_dla_siebie stabilnosc;weekendy stanie zmiany goraco presja fizyczna;szybkie_wejscie przenika maly_zespol;weekendy_nie komunikacja_ostra stanie_nie tworczosc_od_razu;bardzo_niski;docelowy;niskie;;;0;0;kregoslup;zawodowe;praca_doryw
menedzer_restauracji;Menedzer restauracji;26;dlugi;czesciowo;prowadzenie planowanie przekonywanie;prowadzenie_grupy organizowanie opanowanie;rachunki uprzejmosc rozbrajanie;inicjatywa tempo konfrontacja;wplyw relacje pieniadze;czas_dla_siebie stabilnosc;weekendy zmiany stanie odpowiedzialnosc presja ludzie_ciagle;przenika osiadlosc;weekendy_nie unikanie_konfliktu rachunki_nie;niski;docelowy;niskie;;gastro_zarzadzanie;0;0;;;praca_stala
recepcjonista;Recepcjonista hotelowy;26;szybki;czesciowo;rozmowa planowanie porzadek;uprzejmosc wyczuwanie wielozadaniowosc;organizowanie dokladnosc rozbrajanie;ludzie struktura reagowanie;relacje stabilnosc zmiennosc;pieniadze rozwoj;zmiany noce weekendy stanie ludzie_ciagle roszczeniowi;szybkie_wejscie osiadlosc;noce_nie cudza_zlosc;zerowy;trampolina;umiarkowane;Jezyk obcy realnie zmienia zarobki;;0;0;;jezyki;
szef_kuchni;Szef kuchni;26;dlugi;nie;prowadzenie rece planowanie;prowadzenie_grupy organizowanie opanowanie;rachunki manualne rozbrajanie;inicjatywa tempo konfrontacja;wplyw mistrzostwo pieniadze relacje;czas_dla_siebie stabilnosc;weekendy zmiany stanie goraco odpowiedzialnosc presja nadgodziny;przenika maly_zespol;potrzeba_gotowania unikanie_konfliktu weekendy_nie;bardzo_niski;docelowy;niskie;;gastro_zarzadzanie;0;0;kregoslup;;praca_stala
franczyzobiorca;Franczyzobiorca;27;sredni;nie;przedsiebiorczosc prowadzenie planowanie;organizowanie prowadzenie_grupy reguly;rachunki uprzejmosc samodzielnosc;struktura inicjatywa ryzyko;pieniadze stabilnosc wplyw;wolnosc mistrzostwo;wlasna_dzialalnosc ryzyko_finansowe weekendy ludzie_ciagle;wlasne osiadlosc maly_zespol;bez_ograniczen procedury_nie;bardzo_wysoki;docelowy;niskie;Umowa franczyzowa jest najwazniejsza decyzja, przeczytaj z prawnikiem;;0;0;;;
wlasciciel_lokalu;Wlasciciel lokalu gastronomicznego;27;dlugi;nie;przedsiebiorczosc rece prowadzenie;opanowanie wielozadaniowosc prowadzenie_grupy;rachunki uprzejmosc odpornosc;tempo bodzce ryzyko;wolnosc relacje mistrzostwo;stabilnosc czas_dla_siebie;weekendy zmiany fizyczna ryzyko_finansowe roszczeniowi presja;przenika wlasne;weekendy_nie stala_pensja;bardzo_wysoki;docelowy;niskie;Bez lat w gastronomii ryzyko jest bardzo wysokie;wlasna_firma;0;0;;;praca_stala
wlasciciel_uslugowej;Wlasciciel firmy usługowej;27;sredni;nie;przedsiebiorczosc przekonywanie prowadzenie;odpornosc przekonywanie samodzielnosc;organizowanie rachunki prowadzenie_grupy;ryzyko inicjatywa konfrontacja;wolnosc pieniadze wplyw;stabilnosc czas_dla_siebie;wlasna_dzialalnosc niepewny_dochod nadgodziny ryzyko_finansowe presja;wlasne przenika maly_zespol;stala_pensja waska_wiedza unikanie_konfliktu;sredni;docelowy;niskie;Najpierw fach, potem firma;wlasna_firma;0;0;;;firma_rodzinna praca_stala
wlasciciel_warsztatu;Wlasciciel warsztatu lub zakladu;27;sredni;nie;przedsiebiorczosc naprawianie rece;manualne samodzielnosc odpornosc;organizowanie rachunki prowadzenie_grupy;samodzielnie inicjatywa efekt_widoczny;wolnosc mistrzostwo pieniadze;czas_dla_siebie;wlasna_dzialalnosc fizyczna niepewny_dochod ryzyko_finansowe odpowiedzialnosc;wlasne osiadlosc stacjonarna;stala_pensja procedury_nie;wysoki;docelowy;bardzo_niskie;Rozwaz przejecie istniejacego zakladu zamiast budowania od zera;;0;0;kregoslup;;praca_stala firma_rodzinna
zalozyciel_tech;Zalozyciel firmy technologicznej;27;dlugi;nie;przedsiebiorczosc tech przekonywanie;odpornosc samodzielnosc przekonywanie;tworzenie system uczenie_sie;ryzyko inicjatywa wlasne_pomysly;wolnosc wplyw rozwoj;stabilnosc czas_dla_siebie;wlasna_dzialalnosc niepewny_dochod nadgodziny ryzyko_finansowe;przenika wlasne zdalna;stala_pensja potrzeba_stabilnosci sprzedaz_nie;niski;docelowy;niskie;Przewaga nie jest w budowaniu, tylko w dostepie do klientow;;1;0;;informatyka matematyka;projekty konkursy
